epoch,time,train/loss,metrics/accuracy_top1,metrics/accuracy_top5,val/loss,lr/pg0,lr/pg1,lr/pg2
1,52.3517,0.31883,0.98016,1,0.06724,0.000546847,0.000546847,0.000546847
2,108.419,0.08527,1,1,0.04418,0.00104794,0.00104794,0.00104794
3,156.36,0.08643,0.96825,1,0.07355,0.00149402,0.00149402,0.00149402
